{"cameraMode":{"drawMode":0,"name":"Shaded","section":"Shading Mode"},"sceneLighting":false,"audioPlay":false,"sceneViewState":{"m_AlwaysRefresh":false,"showFog":true,"showSkybox":false,"showFlares":true,"showImageEffects":true,"showParticleSystems":true,"showVisualEffectGraphs":true,"m_FxEnabled":true},"in2DMode":false,"pivot":{"x":0.8000001907348633,"y":1.3076000213623047,"z":11.99839973449707},"rotation":{"x":0.0007545289117842913,"y":-0.9609994888305664,"z":0.27655741572380068,"w":0.002598220482468605},"size":21.81462287902832,"orthographic":false}