{"cameraMode":{"drawMode":0,"name":"Shaded","section":"Shading Mode"},"sceneLighting":true,"audioPlay":false,"sceneViewState":{"m_AlwaysRefresh":false,"showFog":true,"showSkybox":true,"showFlares":true,"showImageEffects":true,"showParticleSystems":true,"showVisualEffectGraphs":true,"m_FxEnabled":true},"in2DMode":false,"pivot":{"x":0.4167289435863495,"y":-2284.55322265625,"z":0.35241132974624636},"rotation":{"x":0.0007545289117842913,"y":-0.9609994888305664,"z":0.27655741572380068,"w":0.002598220482468605},"size":0.8660253882408142,"orthographic":false}